/,1.0,2021-11-27,weekly
/page-00001.html,0.8,2021-11-27,weekly
/page-00002.html,0.8,2021-11-27,weekly
/page-00003.html,0.8,2021-11-27,weekly
/page-00004.html,0.8,2021-11-27,weekly
/page-00005.html,0.8,2021-11-27,weekly
/page-00006.html,0.8,2021-11-27,weekly
/page-00007.html,0.8,2021-11-27,weekly
/page-00008.html,0.8,2021-11-27,weekly
/page-00009.html,0.8,2021-11-27,weekly
/page-00010.html,0.8,2021-11-27,weekly
/page-00011.html,0.8,2021-11-27,weekly
/page-00012.html,0.8,2021-11-27,weekly
/page-00013.html,0.8,2021-11-27,weekly
/page-00014.html,0.8,2021-11-27,weekly
/page-00015.html,0.8,2021-11-27,weekly
/page-00016.html,0.8,2021-11-27,weekly
/page-00017.html,0.8,2021-11-27,weekly
/page-00018.html,0.8,2021-11-27,weekly
/page-00019.html,0.8,2021-11-27,weekly
/page-00020.html,0.8,2021-11-27,weekly
/page-00021.html,0.8,2021-11-27,weekly
/page-00022.html,0.8,2021-11-27,weekly
/page-00023.html,0.8,2021-11-27,weekly
/page-00024.html,0.8,2021-11-27,weekly
/page-00025.html,0.8,2021-11-27,weekly
/page-00026.html,0.8,2021-11-27,weekly
/page-00027.html,0.8,2021-11-27,weekly
/page-00028.html,0.8,2021-11-27,weekly
/page-00029.html,0.8,2021-11-27,weekly
/page-00030.html,0.8,2021-11-27,weekly
/page-00031.html,0.8,2021-11-27,weekly
/page-00032.html,0.8,2021-11-27,weekly
/page-00033.html,0.8,2021-11-27,weekly
/page-00034.html,0.8,2021-11-27,weekly
/page-00035.html,0.8,2021-11-27,weekly
/page-00036.html,0.8,2021-11-27,weekly
/page-00037.html,0.8,2021-11-27,weekly
/page-00038.html,0.8,2021-11-27,weekly
/page-00039.html,0.8,2021-11-27,weekly
/page-00040.html,0.8,2021-11-27,weekly
/page-00041.html,0.8,2021-11-27,weekly
/page-00042.html,0.8,2021-11-27,weekly
/page-00043.html,0.8,2021-11-27,weekly
/page-00044.html,0.8,2021-11-27,weekly
/page-00045.html,0.8,2021-11-27,weekly
/page-00046.html,0.8,2021-11-27,weekly
/page-00047.html,0.8,2021-11-27,weekly
/page-00048.html,0.8,2021-11-27,weekly
/page-00049.html,0.8,2021-11-27,weekly
/page-00050.html,0.8,2021-11-27,weekly
/page-00051.html,0.8,2021-11-27,weekly
/page-00052.html,0.8,2021-11-27,weekly
/page-00053.html,0.8,2021-11-27,weekly
/page-00054.html,0.8,2021-11-27,weekly
/page-00055.html,0.8,2021-11-27,weekly
/page-00056.html,0.8,2021-11-27,weekly
/page-00057.html,0.8,2021-11-27,weekly
/page-00058.html,0.8,2021-11-27,weekly
/page-00059.html,0.8,2021-11-27,weekly
/page-00060.html,0.8,2021-11-27,weekly
/page-00061.html,0.8,2021-11-27,weekly
/page-00062.html,0.8,2021-11-27,weekly
/page-00063.html,0.8,2021-11-27,weekly
/page-00064.html,0.8,2021-11-27,weekly
/page-00065.html,0.8,2021-11-27,weekly
/page-00066.html,0.8,2021-11-27,weekly
/page-00067.html,0.8,2021-11-27,weekly
/page-00068.html,0.8,2021-11-27,weekly
/page-00069.html,0.8,2021-11-27,weekly
/page-00070.html,0.8,2021-11-27,weekly
/page-00071.html,0.8,2021-11-27,weekly
/page-00072.html,0.8,2021-11-27,weekly
/page-00073.html,0.8,2021-11-27,weekly
/page-00074.html,0.8,2021-11-27,weekly
/page-00075.html,0.8,2021-11-27,weekly
/page-00076.html,0.8,2021-11-27,weekly
/page-00077.html,0.8,2021-11-27,weekly
/page-00078.html,0.8,2021-11-27,weekly
/page-00079.html,0.8,2021-11-27,weekly
/page-00080.html,0.8,2021-11-27,weekly
/page-00081.html,0.8,2021-11-27,weekly
/page-00082.html,0.8,2021-11-27,weekly
/page-00083.html,0.8,2021-11-27,weekly
/page-00084.html,0.8,2021-11-27,weekly
/page-00085.html,0.8,2021-11-27,weekly
/page-00086.html,0.8,2021-11-27,weekly
/page-00087.html,0.8,2021-11-27,weekly
/page-00088.html,0.8,2021-11-27,weekly
/page-00089.html,0.8,2021-11-27,weekly
/page-00090.html,0.8,2021-11-27,weekly
/page-00091.html,0.8,2021-11-27,weekly
/page-00092.html,0.8,2021-11-27,weekly
/page-00093.html,0.8,2021-11-27,weekly
/page-00094.html,0.8,2021-11-27,weekly
/page-00095.html,0.8,2021-11-27,weekly
/page-00096.html,0.8,2021-11-27,weekly
/page-00097.html,0.8,2021-11-27,weekly
/page-00098.html,0.8,2021-11-27,weekly
/page-00099.html,0.8,2021-11-27,weekly
/page-00100.html,0.8,2021-11-27,weekly
